period,average_fee
pre-tv,5431787.658802178
post-tv,15772122.668876916
